[
  {
    "query": "What are your projects?",
    "results": [
      {
        "text": "andrija djordjevic frontend developer experience freelancer upwork education faculty economics engineering management software engineering technical school rade metalac tehnician projects weather app javascript social media react shoptidy react typescript skills leskovac serbia andrija djordjevic andrijaweb languages",
        "source": "user_files/CV_en.pdf",
        "score": 0.16696834564208984
      },
      {
        "text": "andrija djordjevic frontend developer experience freelancer upwork education faculty economics engineering management software engineering technical school rade metalac tehnician projects weather app javascript social media react shoptidy react typescript skills leskovac serbia andrija djordjevic andrijaweb languages",
        "source": "user_files/CV_en.pdf",
        "score": 0.16696834564208984
      },
      {
        "text": "andrija djordjevic frontend developer experience freelancer upwork education faculty economics engineering management software engineering technical school rade metalac tehnician projects weather app javascript social media react shoptidy react typescript skills leskovac serbia andrija djordjevic andrijaweb languages",
        "source": "user_files/CV_en.pdf",
        "score": 0.16696834564208984
      },
      {
        "text": "andrija djordjevic frontend developer experience freelancer upwork education faculty economics engineering management software engineering technical school rade metalac tehnician projects weather app javascript social media react shoptidy react typescript skills leskovac serbia andrija djordjevic andrijaweb languages",
        "source": "user_files/CV_en.pdf",
        "score": 0.16696834564208984
      },
      {
        "text": "andrija djordjevic frontend developer experience freelancer upwork education faculty economics engineering management software engineering technical school rade metalac tehnician projects weather app javascript social media react shoptidy react typescript skills leskovac serbia andrija djordjevic andrijaweb languages",
        "source": "user_files/CV_en.pdf",
        "score": 0.16696834564208984
      }
    ]
  }
]